product_name,brand,price
Buffalo Stilton Cheese,Fliptune,85.92
Reclining Camping Chair,Gevee,32.81
Ceramic Cookware Set,Roodel,57.11
Kids' Craft Supplies Set,Riffpedia,14.57
Classic Vanilla Fudge,Vidoo,83.85
Electric Hot Water Dispenser,Twinte,62.64
Training Soccer Ball,Oyoyo,34.92
Wall Planner,Devcast,34.24
Whole Chicken,Aivee,26.81
Rechargeable Hand Warmer,Oyoyo,12.65
Luxury Yoga Mat,Devshare,85.1
Vegan Mac & Cheese,Skajo,13.35
Gingerbread House Kit,Jabbercube,54.56
Frozen Berry Medley,Izio,48.03
Reflective Safety Vest,Buzzster,11.3
Handheld Vacuum,Kwideo,72.5
Window Blinds,Devpoint,68.57
Board Game,Photobug,41.98
Cabbage,Cogibox,26.21
Basil Tomato Soup,Realcube,15.57
Barbecue Chicken Pizza,Eimbee,45.28
Coconut Oil,Mudo,35.12
Indoor Grill,Tanoodle,19.32
Carrot Ginger Soup,Yata,49.42
Kids' Learning Tablet,Quimm,71.1
Truffle Parmesan Fries,Tazz,9.71
Glass Tea Pot,Wordware,2.55
Cinnamon Raisin Bagels,Linklinks,55.16
Heated Throw Blanket,Katz,96.71
Pet Safety Belt for Car,Kwinu,37.14
Vegan chocolate chip cookies,Devpulse,65.61
Digital Food Scale,Eayo,1.61
Sunflower Seeds,Livefish,7.72
Fridge Magnet Set,Youspan,62.07
Lemonade Mix,Eamia,10.19
Suction Cup Hooks,Oyondu,39.51
Outdoor Fire Pit,Voonix,3.84
Multi-Purpose Scissors,Yombu,38.5
Pasta (Linguine),Plambee,25.87
Wrist Support Brace,Kare,69.04
Himalayan Pink Salt,Meetz,17.38
Reusable Snack Bags,Katz,40.4
Measuring Cups Set,Flipstorm,57.82
Scent Diffuser,Rhyzio,49.03
Lightweight Backpacking Tent,Yodo,98.34
Travel Pillow with Memory Foam,Skinder,59.94
Spicy Kimchi,Yakidoo,7.55
Spicy Italian Sausage,Topiclounge,58.02
Sweet Chili Thai Sauce,Thoughtblab,73.3
Folding Exercise Bike,Layo,86.04
Bamboo Utensil Holder,Ailane,32.55
Butternut Squash Soup,Minyx,36.87
Smart Doorbell,Skinix,52.25
Teriyaki Beef Strips,Avamm,15.4
Kids' Art Easel,Leexo,76.47
Sesame Ginger Dressing,Ooba,43.18
Crispy Potato Tots,Thoughtsphere,35.8
Sketchbook,Zoovu,12.03
Vegetarian Stir Fry Sauce,Fivechat,13.69
Electric Griddle with Lid,BlogXS,61.52
Window Bird Feeder,Myworks,95.48
Portable Dog Water Bottle,Tagcat,80.16
Organic Brown Rice Cakes,Lajo,54.11
Stuffed Peppers with Quinoa,Jabbersphere,37.67
Luxury Memory Foam Mattress Topper,Twinder,85.4
Cinnamon Rolls,Youopia,53.62
Sweetened Condensed Milk,Npath,38.57
Beef Sirloin Steak,Leexo,79.23
Dog Training Clicker,Quire,31.0
Face Mask Set,Aimbo,8.36
Couscous Mix,Plambee,40.96
Chili Lime Shrimp,Eadel,44.0
Garden Tool Belt,Jabberstorm,26.82
Window Blinds,Kazu,11.84
Collapsible Folding Chair,Topicware,15.36
Sun-Dried Tomatoes,Zoombox,55.48
Peach Halves (canned),Brainsphere,70.09
Blueberry Muffin Mix,Voolith,99.06
Travel Mug,Realpoint,77.78
Italian Pasta,Tazz,82.57
Vegetable Quinoa Bowl,Realblab,14.68
Nordic Berry Smoothie,Yabox,77.32
Travel Laundry Bag,Trupe,70.19
Mushrooms,Avamm,66.49
Pasta Primavera,Twimbo,37.81
Ginger Turmeric Shots,Wordtune,50.34
Photo Album,Lazz,5.32
Organic Sweet Potatoes,Rhynyx,5.7
Grilled Vegetable Medley,Dabfeed,35.07
Ramen Noodles,Demizz,93.9
Cold Brew Coffee Maker,Viva,4.17
Kale Salad Kit,Riffwire,30.97
Puffed Rice Cake,Vinte,22.94
Lightweight Travel Backpack,Layo,4.25
Infrared Thermometer,Meedoo,64.85
Maple Syrup,Skalith,15.16
Vegan Alfredo Sauce,Camido,2.59
Chocolate Hazelnut Spread,Dabtype,70.09
Cookbook,Ooba,79.17
High-Quality Yoga Block,Yakidoo,35.75
Wireless HDMI Receiver,Wordify,85.03
Reusable Produce Bags Set,Linklinks,48.67
Grapes (red),Trudoo,79.85
Pizza Stone,Gabtune,99.6
Rustic Italian Breads,Feednation,63.45
Terry Cloth Robe,Realcube,33.56
Car Sunshade,InnoZ,26.2
Interactive Plush Toy,Jayo,50.82
Portable SSD,Mudo,38.15
Floral Summer Dress,Voonder,56.22
Popcorn Chicken,Babblestorm,4.48
Multi-Purpose Marine Rope,Gabtype,12.54
Vegan Caesar Dressing,Topdrive,5.81
Portable Phone Mug Holder,Bluejam,59.74
Classic Slim Fit Shirt,Twitterbeat,48.69
A-Line Skirt,Shuffletag,21.6
Surimi Crab Sticks,Thoughtstorm,97.39
Lentil Vegetable Curry,Flipopia,55.88
Induction Cooktop,Eamia,53.06
Pineapple Teriyaki Chicken Mix,Skyvu,7.1
Nutritional Yeast,Leenti,89.9
Crispy Kale Chips,Skaboo,25.05
Garlic Herb Grilled Chicken,Twimbo,96.57
Tomato Sauce,Linkbridge,15.71
Children's Educational Puzzle,Feedfish,81.69
Honey Sesame Cashews,Realfire,88.45
Coconut Oil Spray,Skidoo,26.66
Lentil Soup (canned),Devify,67.37
Handheld Garment Steamer,Realblab,36.83
Walnut Halves,Fiveclub,58.17
Spaghetti Sauce,Wordify,4.48
Pineapple Rings,Topiczoom,7.0
Antique Style Clock,Meetz,35.51
Maple Bacon Potato Chips,Yoveo,97.03
Pet Travel Backpack Carrier,Youspan,67.79
Organic Blueberries,Ntags,37.69
Lemonade Mix,Blogtags,53.76
Adjustable Kitchen Broom Stand,Fatz,84.03
Peanut Butter Pretzel Bites,Riffpedia,47.99
Hot Dog Buns,Jazzy,76.72
Eco-Friendly Yoga Mat,Yakidoo,70.38
Honey Garlic Chicken,Babbleblab,41.77
Telescope,Twitterbridge,90.94
Jennifer's Amazing Lip Balm Kit,Rhyloo,47.77
Over-The-Door Shoe Organizer,Dabfeed,4.63
Banana Nut Oatmeal Cups,Yodo,41.19
Smartphone Tripod with Remote,Gigabox,91.0
Terry Cloth Robe,Browsezoom,86.2
Banana Nut Oatmeal Cups,Snaptags,2.61
Portable Hand Warmer,Kanoodle,81.36
Garden Tool Set,Edgeify,78.55
Bicycle Lock,Photojam,90.95
Organic Cereal Bars,Livefish,4.49
Pistachio Ice Cream,Rhyloo,70.04
Watercolor Set,Jaxspan,36.09
Sesame Garlic Noodles,Browsedrive,9.35
Wireless Charger Stand,Tavu,8.57
Warm Wool Sweater,Photobug,13.5
Biodegradable Dog Waste Bags,Vinte,55.24
Fashionable Fanny Pack,Pixonyx,69.95
Handmade Leather Wallet,Browsedrive,76.89
Infrared Thermometer,Meevee,73.6
Flavored Instant Oatmeal,Linkbuzz,99.08
Breezy Off-The-Shoulder Top,InnoZ,90.24
Organic Baby Carrots,Buzzdog,65.09
Kids' Dinosaur-Themed Lunchbox,Meeveo,59.04
Sweet Potato Tots,Innotype,32.63
Sweet Corn Fritters,Livefish,33.61
Portable Air Compressor,Aibox,54.81
Pork Tenderloin,Kanoodle,79.26
Ankle Boots,Centidel,85.51
Rice Pilaf Mix,Jetpulse,84.17
Adjustable Bar Stools,Babbleblab,10.55
Honey Sriracha Chicken Bites,Twimm,62.37
Magnetic Phone Car Mount,Thoughtmix,94.69
Whole Grain Hamburger Buns,Rhyzio,49.39
Kale Caesar Salad Kit,Zoonoodle,64.13
Oven Thermometer,Tagopia,13.62
Canvas Wall Art,Eamia,35.96
Smoked Paprika Chicken Thighs,Yodel,8.56
Travel Makeup Organizer,Devbug,70.21
Roasted Red Pepper Dip,Mynte,88.44
Chipotle Lime Salsa,Browsebug,79.68
Chilli Lime Corn on the Cob,Eamia,20.25
Chocolate Chip Cliff Bars,Innojam,61.96
Corn Tortillas,Topicshots,70.93
Spicy Tuna Rolls,Eayo,30.22
Vegan Alfredo Sauce,Jaxbean,4.97
Compact Pop-Up Tent,Rhynyx,45.77
Adjustable Bar Stools,Quimm,13.17
Home Delivery Food Journal,Dabjam,4.44
Lemon Basil Pasta Sauce,Devpulse,98.23
Electric Griddle with Removable Plates,Yoveo,33.92
DIY Candle Making Kit,Ntag,24.5
Electric Wax Warmer,Avavee,1.33
Pleated Midi Dress,Mudo,26.34
Adjustable Standing Desk,Skidoo,81.06
Bike Repair Tool Kit,Thoughtsphere,56.72
Almond Butter Cookies,Twinder,77.22
Tuscan Bean Soup,Mydo,92.85
High-Speed Blender,Linklinks,33.25
Noise Reduction Headphones,Twitterlist,78.96
Breathable Face Mask Set,Aimbo,16.27
Chocolate Dipped Fruit,DabZ,22.27
Avocado Oil Mayo,Thoughtmix,7.81
Apple Cinnamon Instant Oatmeal,Riffwire,63.15
Spicy Beef Taco Mix,Tagchat,54.69
Corn Tortillas,Mycat,54.93
Fitness Resistance Bands Set,Feednation,73.24
Raspberry Vanilla Greek Yogurt,Ooba,55.98
Garlic Herb Cream Cheese,Avamm,15.42
Rustic Italian Bread,Zoovu,91.93
Cajun Seasoning,Dabjam,95.07
Pesto Genovese,Eayo,19.83
Magnetic Curtain Tiebacks,Meeveo,3.16
Coconut Milk Ice Cream,Devbug,60.37
Roasted Red Pepper Hummus,Yodo,22.9
Halloween Decoration Set,Skiptube,42.32
Spicy Italian Sausage,Avamba,79.58
Lemon Dill Chicken Skewers,Buzzbean,28.31
Portable Solar Phone Charger,Janyx,85.08
Whisk Set,Kimia,15.9
Banana Nut Muffins,Mycat,90.96
Almond Butter Crunch Bar,Pixope,67.17
Smartphone Gimbal Stabilizer,Gigazoom,31.18
Laptop Sleeve,Voonder,30.97
Classic BBQ Sauce,Zoomlounge,16.91
Fruit Infuser Water Bottle,Meemm,72.01
Surimi Crab Sticks,Tazzy,81.53
Electric Egg Cooker,Quinu,73.32
Magnetic Screen Door,Blogtag,16.53
Radish Chips,Edgetag,62.89
Insulated Sport Tumbler,Realbridge,76.27
Pineapple Rings,Mynte,13.49
Ice Cream,Realbuzz,13.0
Cinnamon Spiced Almonds,Thoughtbeat,41.25
Pet Camera with Treat Dispenser,Quinu,7.03
Cocktail Shaker Set,Babbleset,11.81
Bamboo Cutting Board Set,Voomm,64.57
Buffalo Cauliflower Bites,Dynava,84.91
Frozen Salmon Filets,Aivee,59.63
Peach Salsa,Tekfly,59.65
Fishing Tackle Box,Topiczoom,89.53
Steak Seasoning Rub,Skaboo,25.48
Sweet Potatoes,Skibox,78.53
Pasta Primavera,Edgepulse,70.83
Portable Bluetooth Headphones,Zazio,54.03
Peanut Butter Chocolate Clusters,Quire,13.2
Weighted Jump Rope,Demimbu,35.61
Heavy Duty Gardening Tool Set,Pixoboo,59.17
High-Speed Hand Blender,Oyoloo,58.45
First Aid Kit,Shufflester,23.3
Spicy Garlic Edamame,Dynava,23.45
Wireless Gaming Headset,Meeveo,99.49
Noise-Canceling Headphones,Twitterwire,25.11
Golf Polo Shirt,Zoonder,64.37
Sooji (Semolina),Youtags,4.6
Magnetic Screen Door,Flipbug,35.74
Falafel Mix,Wikibox,60.35
Non-Toxic Concrete Sealer,Edgeclub,32.27
Travel Yoga Mat,Fliptune,65.37
Pasta Maker,Realmix,51.4
Smart Scale,Oodoo,32.94
Electric Griddle with Removable Plates,Blogspan,1.94
Pineapple Teriyaki Chicken Mix,Miboo,68.24
Pet Camera with Treat Dispenser,Yodoo,36.58
Sesame Garlic Noodles,Twinder,48.02
Classic Pumps,Dazzlesphere,78.9
Roasted Red Pepper Dip,Oloo,38.56
Gardening Tools Set,Edgepulse,86.71
Breathable Face Mask Set,Chatterbridge,50.72
Honey Mustard Pretzel Bites,Dabtype,10.67
Personalized Cutting Board,Shufflester,15.24
Travel Laundry Bag,Babbleset,68.62
Travel Beach Blanket,Twiyo,23.53
Maple Bacon Popcorn,Riffpedia,13.08
Bock Beer Mustard,Mudo,75.19
Spicy Thai Chili Sauce,Kazio,70.06
Orange Ginger Vinaigrette,Jamia,12.1
Gardening Tools Set,Innotype,82.26
Sliced Cheese,Ntag,17.12
Stuffed Peppers with Quinoa,Feedmix,55.81
Sesame Ginger Dressing,Trilia,6.1
Athletic Compression Tights,Yodel,52.09
Portable Hammock Swing,Meedoo,15.16
Classic Cheesecake Mix,Bubbletube,66.4
Cinnamon Raisin Bagels,Devpoint,92.12
Pumpkin Spice Granola,Edgeblab,56.96
Winter Insulated Jacket,Voomm,65.55
Classic Cheeseburger Mix,Skyvu,56.32
Almond Crunch Granola Bars,Realmix,65.9
Sweet Potato Noodles,Trudeo,23.59
Wireless Game Controller,Mudo,11.1
Pretzel Bites,Bubbletube,47.71
Maple Almond Butter,Thoughtblab,10.14
Fleece Hoodie,Katz,63.05
Essential Oil Roller Bottles,Ntag,66.84
Over-the-Door Hooks,Devpulse,78.66
Italian Meatballs,Yakijo,82.01
Cherry Almond Protein Bar,Tekfly,79.68
Outdoor Camping Lantern,Quinu,36.45
Compact Pop-Up Tent,Edgewire,22.76
Customizable Name Plate,Fanoodle,65.75
Reusable Snack Bags,Fivechat,92.04
Wooden Children's Play Kitchen,Oyondu,85.07
Sooji (Semolina),Yakidoo,17.69
Sourdough Bread,Yambee,48.08
Portable Massage Table,Muxo,92.25
Camping Tarp,Skyba,53.78
Garlic Parmesan Wings,Yoveo,4.34
Reusable Silicone Food Storage Bags,Tanoodle,96.25
Mechanical Pencil Set,Yodo,38.14
Coconut Curry Sauce,Cogidoo,64.52
Nail Polish Set,Brainsphere,74.58
Garden Kneeler and Seat,Feedspan,67.77
Bicycle Repair Kit,Topicstorm,42.68
Asian Salad Mix,Livetube,31.67
Heart-Shaped Baking Molds,Oozz,93.52
Pet Tracking Collar,LiveZ,32.34
Watercolor Paint Set,InnoZ,97.75
Folding Backpack Chair,Trudoo,39.22
Sliced Ham,Geba,54.11
Vegetable Fried Rice,Vimbo,34.66
Electric Meat Grinder,Twitterlist,67.99
Smartphone Tripod with Remote,Camido,66.49
Car Trash Can,Katz,29.04
Utility Cargo Pants,Leenti,32.02
Kale Salad Kit,Katz,71.43
Apricot Jam,Meeveo,32.1
Chocolate Mint Cookies,Buzzshare,31.12
Interactive Plush Toy,Browsecat,60.69
Thermostatic Shower Valve Kit,Oozz,41.0
Homemade Salsa,Cogidoo,89.17
Snack Container Set,Kwilith,2.74
Stainless Steel Cutlery Set,DabZ,5.15
Garam Masala Spice Blend,Leenti,99.27
Spicy Thai Coconut Soup,Vinder,32.14
Gardening Kneeler and Seat,Jabbersphere,60.25
A-Line Skirt,Agivu,3.23
Smartwatch,Skinte,67.18
Sea Salt Caramel Popcorn,Twitterworks,10.8
Car Escape Tool,Aivee,15.88
Dried Fruit Medley,Oyope,12.07
Acoustic Guitar,Oyoyo,14.31
Over-the-Door Hooks,Jaxbean,27.55
Sweet Potato and Chickpea Bowl,Gevee,25.71
Electric Food Steamer,Zoombox,29.65
Kids Tablet,Pixonyx,71.78
Vegetable Medley,Fivechat,28.14
Vegan Alfredo Sauce,Vidoo,35.9
Kid's Fruit Snacks,Talane,34.26
Smart Doorbell,Innotype,51.74
Wall-Mounted Bookshelf,Yacero,26.42
Chocolate Avocado Pudding,Meembee,74.06
Cabbage,Feednation,1.68
Coconut Milk Ice Cream,Kanoodle,56.24
Electric Griddle with Removable Plates,BlogXS,51.67
Sweet Potato Noodles,Quamba,57.03
Workstation Laptop Stand,Buzzster,90.8
High-Speed HDMI Cable,Meevee,13.76
Beef Taco Skillet,Edgeclub,76.85
Hand Crank Blender,Wordify,77.7
Yoga Strap,Twitterwire,90.74
Portable Pet Stroller,Aimbu,51.14
Fleece Throw Blanket,Innojam,68.32
Faux Leather Leggings,Wordify,96.45
Maple Bacon Jerky,Quaxo,26.29
Caramel Apple Chips,Digitube,36.67
Portable Pet Pooper Scooper,Myworks,34.82
Mini Pretzels,Minyx,17.06
Chocolate Raspberry Tart,Eimbee,53.43
Tailgating Set,Brightdog,63.01
Pesto Genovese,Aimbo,60.06
Laptop Sleeve,Fivebridge,1.28
Maple Pecan Oatmeal Cookies,Fanoodle,46.81
Frozen Hash Browns,Eayo,11.47
Frozen Spinach,Tagtune,61.51
Portable USB-C Monitor,Eadel,12.75
Savory Quinoa Pudding,Skinte,65.45
Hummus,Meemm,38.65
Ice Cube Tray with Lid,Geba,53.58
Diced Tomatoes (canned),Brainbox,64.9
Chili Beans in Sauce,Mydo,99.08
French Bread,Livetube,36.41
Roasted Red Pepper Sauce,Voonyx,61.42
Inflatable Party Cooler,Voonder,72.12
Biodegradable Phone Case,Avavee,64.69
Diced Tomatoes (canned),Edgepulse,92.65
Asian Stir-Fry Vegetables,Wikizz,91.96
Honey,Browsetype,93.27
High-Quality Yoga Mat,Gigabox,74.34
Sliced Bell Peppers,Livefish,39.89
Smartphone Gimbal,Blogtag,90.79
Free-Range Eggs,Jetwire,14.71
Stylish Wireless Earbuds,Fivebridge,68.93
Organic Brown Sugar,Ainyx,55.73
Mediterranean Chickpea Bowl,Jetwire,22.63
Wireless Printer,Gevee,98.01
Sweet Chili Thai Sauce,Browsebug,50.66
Caramelized Onion Dip Mix,Skajo,88.26
Electric Kettle with Temperature Control,Npath,65.45
Baby Monitor,Muxo,12.82
Honeycrisp Apples,Eidel,58.87
Organic Chia Seeds,Blogtag,67.29
Reflective Safety Vest,Bluejam,29.01
Safety Goggles,Shufflebeat,69.24
Electric Blanket,Photospace,27.3
Sketchbook,Realblab,99.29
Belted Trench Coat,Jetwire,65.63
Brownie Bites,Lazz,22.97
Cabbage Slaw Mix,Meetz,70.82
Wireless Gaming Headset,Feedbug,45.87
Kitchen Knife Sharpening System,Teklist,81.43
Compact Shoe Rack,Yakidoo,6.8
Trainers with Mesh Inserts,Fivebridge,48.79
Over-the-Door Hooks,Mybuzz,70.71
Electric Toothbrush,Vinder,20.93
Ginger Snaps,Kwilith,83.99
Pesto Genovese,Zoombox,4.11
Lemon Garlic Marinade,Aimbu,21.43
Electric Wine Opener,Snaptags,44.93
Wall-Mounted Bookshelf,Chatterbridge,22.02
Electric Heat Pad,Mydeo,99.17
Apple Cinnamon Oatmeal,Demizz,84.08
Pet Water Fountain,Skidoo,1.21
Dark Chocolate Raisins,Abatz,48.53
Tandoori Chicken Marinade,Zooxo,31.39
BBQ Lentil Chips,Edgewire,30.53
Sporty Leggings,Yoveo,97.14
Hummus Variety Pack,Zoombeat,75.14
Creative Puzzle Game,Kwilith,19.94
Garlic Butter Sauce,Topicware,33.51
Organic Cereal Bars,Skinte,96.83
Outdoor Adventure Kit,Oyonder,85.88
Adjustable Standing Desk,Twimbo,84.62
Lasagna Noodles,Topicblab,41.56
Collapsible Water Bottle,Skibox,59.46
Fruit and Nut Medley,Yacero,43.76
Coconut Oil,Mycat,67.71
Coconut Water,Tagcat,84.69
Avocados,Einti,14.78
Portable Solar Path Lights,Fivechat,31.29
Maple Almond Butter,Babbleopia,88.44
Garlic Naan Bread,Wikizz,73.13
Pumpkin Spice Latte Mix,Kwimbee,53.65
Pistachio Ice Cream,DabZ,91.63
Fruit and Nut Energy Bites,Aimbu,12.38
Travel Organizer,Wikivu,46.94
Mayonnaise,Katz,21.64
Butternut Squash Soup,Chatterbridge,84.49
Rolling Cooler,Chatterbridge,65.68
Water-Resistant Bluetooth Speaker,Trudeo,53.89
Cinnamon Spiced Almonds,Youspan,66.37
Scent Diffuser Oil,Jabbersphere,85.42
Cinnamon Roll Dough,Vimbo,48.49
Portable Blender,Podcat,25.41
Sketchbook,Snaptags,16.08
Memory Card,BlogXS,65.02
Tactical Backpack,Twimm,19.92
Sweet Potato and Chickpea Bowl,Quamba,85.62
Men's Waterproof Hiking Boots,Thoughtmix,59.2
Teriyaki Chicken Skewers,Roodel,76.34
Silicone Baking Cups,Rhyloo,52.4
Organic Cucumber,Skyba,84.7
Pet Carrier,Fivespan,45.39
Coconut Almond Granola,Latz,80.03
Coffee Capsule Dispenser,Voolia,6.05
Travel Size Toiletry Bottles,Cogidoo,91.49
Pet Grooming Glove,Browsedrive,45.57
Roasted Garlic Mashed Potatoes,Kaymbo,28.59
Car Sunshade,Chatterbridge,69.93
Strawberry Banana Smoothie Pack,Trilith,69.16
Memory Foam Mattress Topper,Gabspot,38.78
Sketchbook,Lazzy,45.72
Pasta Primavera Kit,Omba,28.73
Multi-Layer Food Steamer,InnoZ,97.82
Classic Caesar Dressing,Muxo,74.47
Homestyle Chicken Noodle Soup,Skinder,43.16
Cranberry Juice,Camido,32.19
Travel Makeup Organizer,Wikibox,4.89
Buttermilk Pancakes,Plambee,91.4
Pizza Stone,Dabfeed,80.4
Portable Massage Table,Skilith,31.54
Compost Bin,Avamba,96.29
Bamboo Charcoal Air Purifier Bags,Eazzy,2.19
Car Diagnostic Scanner,Brightdog,58.46
Sriracha Chili Sauce,Latz,55.91
Electric Air Pump,Oyope,59.62
Aeropress Coffee Maker,Mycat,59.88
Adjustable Height Standing Desk Converter,Flashset,19.94
Gluten-Free Pancake Mix,Devshare,95.15
Magic Color-Changing Mug,Youspan,1.26
Compact Shoe Rack,Jabbertype,97.17
Classic White T-Shirt,Photobug,32.89
Almond Butter,Quinu,30.33
Mini Electric Kettle,Twitterbeat,27.18
Pet Hair Vacuum Attachment,Devcast,35.82
Peanut Butter Pretzel Bites,Oozz,4.25
Wireless Charger,Browsezoom,11.89
Miso Soup Starter,Zazio,37.07
Mini Waffle Maker,Babbleset,74.11
Ricotta Cheese,Skivee,69.94
Chocolate Hazelnut Spread,Topicstorm,10.08
Nail Polish Set,Wikido,75.75
Multi-Purpose Plant Care Tool,Izio,23.02
Fitness Balance Ball,DabZ,55.04
Zucchini Noodles,Jaxnation,42.11
Cherry Almond Protein Bar,Rhyloo,80.53
Honey Mustard Sauce,Thoughtworks,91.23
Chocolate Chip Energy Balls,Ainyx,69.5
Kettle Chip Variety Pack,Trudoo,10.92
Ice Cube Tray with Lid,Npath,89.08
Whole Roasted Chicken,Realcube,30.44
Wireless Keyboard and Mouse Combo,Quimba,79.03
Classic Vanilla Fudge,Kazu,73.88
Camera Tripod,Photobug,8.61
Oven-Baked Chicken Tenders,Livetube,1.35
Baby Safety Corner Guards,Trudoo,50.11
Infrared Thermometer,Mybuzz,10.4
Granola Bars,Trilia,67.7
Energy Bites,Photofeed,66.77
Surimi Crab Sticks,Realblab,55.95
Travel Eye Mask with Ear Plugs,Jabbertype,21.96
DIY Organic Gardening Kit,Agivu,95.76
Graphic Print Leggings,Photospace,48.39
Compact Electric Kettle,Meevee,48.82
Coconut Chia Seed Pudding,Teklist,73.57
Almond Butter,Browseblab,47.95
Caribbean Jerk Marinade,Flashspan,76.85
Pet Hair Remover,Zoomlounge,37.52
Italian Sausage and Peppers,Skajo,83.7
Oven Thermometer,Skiba,5.15
Oven-Baked Potato Chips,Mydeo,36.39
Maple Syrup,Fatz,52.97
Non-Slip Yoga Socks,Yodel,3.16
Mini Meatballs,Zoomcast,48.5
Travel Beach Blanket,Yambee,65.17
Coconut Flakes,Oba,58.33
Cinnamon Apple Sauce,Quamba,80.49
Memory Card,Yakijo,82.19
Electric Toothbrush Holder,Twimm,49.91
Basil Lemonade,Skipstorm,91.19
Cinnamon Roll Kit,Leenti,73.4
Chino Shorts,Katz,32.59
First Aid Kit,Tagchat,97.83
Smartphone Tripod with Remote,Miboo,55.1
Organic Coconut Oil,Skaboo,85.93
High-Speed Hand Blender,Skidoo,53.86
Apple Pie Filling,Shuffledrive,73.16
Organic Quinoa Chips,Fivechat,4.4
Puff Pastry,Podcat,44.87
Fitness Tracker Band,Quinu,97.82
Travel Hair Straightener,Devbug,94.43
Sweet Potatoes,Leenti,34.87
Teriyaki Tofu Stir-Fry,Mynte,52.98
Whole Roasted Chicken,Tazz,66.25
Leather Wallet,Skalith,75.94
Tomatillo Salsa,Gabcube,89.52
Sriracha Sauce,Fivespan,72.39
Adjustable Dumbbells,Kwideo,84.46
Premium Flashlight,Meemm,47.3
Smartphone Photography Tripod,Quinu,75.34
Manual Coffee Grinder,Babbleblab,44.65
Tailgating Set,Kamba,49.67
Veggie Lovers Pizza,Photofeed,88.54
Pumpkin Seeds,Realmix,98.82
Spicy Garlic Edamame,Abatz,78.35
Comfort Flats,Tagfeed,74.01
Garam Masala Spice Blend,Thoughtblab,26.97
Frozen Spinach,Topicblab,50.67
Organic Quinoa,Fanoodle,55.43
Nutritional Yeast,Zoomdog,78.73
Crew Neck Sweater,Buzzster,71.19
Sporty Leggings,Brightbean,71.91
Samoas Cookie Mix,DabZ,74.65
Glass Food Containers,Feedbug,83.74
Adjustable Pedicure Footrest,Dynabox,39.83
Hot Salsa,Jaloo,49.68
Essential Oil Roller Bottles,Feednation,35.54
Personal Blender with Cups,Meetz,86.34
Cinnamon Spiced Almonds,Fiveclub,16.74
Garden Tool Set,Trupe,88.63
Pressure Cooker,Mydeo,19.24
Spicy Salsa Verde,DabZ,80.67
Mixed Berry Smoothie Pack,Rhynoodle,84.27
Outdoor Mosquito Repellent Lantern,Avamm,66.74
Sweet Potato Tots,Shuffledrive,54.89
Portable Hammock,Topiczoom,34.79
Artisan Bread Loaf,Tagcat,55.11
Maple Bacon Jerky,Flashpoint,16.52
Cauliflower Pizza Crust,Tagtune,3.62
Phone Screen Protector,Devcast,5.45
Portable Refrigerator Freezer,Quimba,54.25
Electric Stir Fry Pan,Realcube,57.59
Basic V-Neck T-Shirt,Yambee,7.59
Pumpkin Waffles,Twinder,86.91
Ergonomic Gaming Chair,Wordware,70.06
Electric Kettle with Temperature Control,Realbridge,29.59
Desk Organizer Set,Wordpedia,51.37
Blue Corn Tortilla Chips,Topicblab,46.26
Ready-to-Eat Chili,Skippad,98.85
Chipotle Black Bean Burger,Brainbox,24.65
USB Desk Fan,Omba,34.83
Decorative Throw Pillows,Youtags,78.99
Dried Mango Slices,Innojam,12.77
Adjustable Height Standing Desk Converter,Bubblebox,42.09
Apple Cinnamon Granola,Fliptune,95.28
Garden Tool Set with Carrying Bag,Tavu,32.4
Travel Orthopedic Pillow,Kwinu,72.2
Hair Dryer,Oodoo,43.43
Maple Bacon Popcorn,Realbuzz,62.24
Non-Stick Grill Mat,Yoveo,45.38
Sweet Pea Hummus,Livepath,15.74
Cilantro Lime Rice,Wordware,16.32
Vegetable Curry,Wordpedia,17.01
Pressure Washer Accessories Kit,Feednation,84.61
Chipotle Black Bean Burger,Thoughtstorm,44.71
Spiced Pumpkin Soup,Reallinks,84.52
Smartphone Photography Ring Light,Tazzy,94.55
Almond Milk Yogurt,Topicware,91.06
Electric Kettle with Temperature Control,Zoomlounge,77.33
Coconut Milk Yogurt,Aivee,65.0
Sliced Bread,Thoughtblab,44.56
Inspirational Wall Art,Viva,13.53
Chickpea Pasta,Skyvu,47.97
Smartphone Tripod with Bluetooth Remote,Brainlounge,61.73
Chili Beans (canned),Realbridge,66.81
Sesame Garlic Stir-Fry Sauce,Youfeed,35.52
Organic Whole Wheat Flour,Topicblab,47.03
Hummus Variety Pack,Voomm,21.99
Foot Spa Bath Massager,Kwinu,71.89
Vegan Chickpea Salad,Gigashots,42.68
Deluxe First Aid Kit,Photojam,60.14
Wireless Music Receiver,Wordware,80.63
Non-Stick Grill Mat,Twiyo,8.79
Italian Sausage Links,Fadeo,64.93
Colorful Post-It Notes Set,Voolia,82.84
Fruit and Nut Bars,Plajo,64.45
Essential Oils Diffuser Necklace,Meevee,14.12
Electric Nail File Kit,Babbleopia,27.6
Hummus Variety Pack,Dynazzy,20.88
Herb Garlic Butter,Edgeclub,86.68
Pet Camera with Treat Dispenser,Brainverse,53.47
Almond Flour,Abatz,38.68
Compact Hair Dryer,Pixope,89.66
Veggie Chips Variety Pack,Wikizz,15.45
Camping Chair with Cooler,Zoomcast,63.02
Dill Pickle Chips,Tazzy,15.33
Chicken Broth,Blogtags,56.83
Smoked Paprika,Kwideo,10.09
Nutty Quinoa Salad,Fivebridge,99.59
Pear and Gorgonzola Salad,Blogtag,53.15
Spicy Beef Taco Mix,Aivee,99.05
Electric Opener for Jars and Bottles,Topiczoom,59.85
Fitness Jump Rope,Zoovu,15.33
Legging Pants,Camimbo,3.86
Pet Leash,Oozz,65.4
Glass Tea Pot,Dabfeed,44.26
Plant-Based Meal Prep Containers,Tazz,75.96
Bock Beer Mustard,Divape,87.41
Savory Snack Mix,Roomm,93.25
Ceramic Non-Stick Frying Pan,Lazz,23.7
Sturdy Bookends,Topicware,87.96
Fitness Jump Rope,Skimia,30.4
Vanilla Ice Cream,Realcube,30.95
Chili Lime Seasoning,Feedfire,74.6
Classic Cheeseburger Mix,Voonder,2.59
Face Mask Set,Thoughtstorm,34.38
Electric Ice Cream Maker,Meedoo,55.37
Trackpad for Laptop,Kazu,29.11
Savory Trail Mix,Flipopia,73.96
Elegant Lace Dress,Meedoo,93.91
Pineapple Salsa,Tagchat,89.56
Smashed Avocado with Lime,Blogtag,34.45
Folding Pocket Knife,Kanoodle,84.1
Collapsible Colander,Wikibox,71.19
Sweet and Spicy Barbecue Sauce,Trudoo,87.38
Jalapeño Cornbread,Jabbersphere,47.04
Mediterranean Olives,Demizz,2.81
Sriracha Chili Sauce,Livefish,3.67
Kale Salad with Lemon Dressing,Rhynyx,24.62
Vegetable Potstickers,Eamia,47.09
Adjustable Kitchen Broom Stand,Fanoodle,71.18
Photo Album,Quinu,14.48
Buffalo Cauliflower Bites,Wordpedia,72.94
Foot Massager,Photobug,6.74
Face Mask Set,Thoughtworks,60.23
Herb Drying Rack,Jayo,48.29
Waterproof Rain Boots,Nlounge,2.7
Vegetable Potstickers,Shuffletag,59.23
Watering Can with Nozzle,JumpXS,54.31
Smart Thermos,Midel,19.44
Garlic Herb Marinade,Livetube,68.03
Chocolate Chip Muffins,Divape,78.94
Pasta Sauce Mix,Yodo,82.09
Whole Grain Cereal,Chatterpoint,85.51
Pet Waterer with Filtration,Zoomzone,50.39
Fried Rice,Eare,38.18
Self-Watering Planters,Photospace,3.99
Peanut Butter Chocolate Clusters,Skiptube,10.69
Lightweight Backpacking Tent,Mymm,18.58
Couscous Mix,Dabjam,82.49
Chickpea Pancakes,Browsetype,82.09
Smart Light Bulbs,Topicshots,68.28
Collapsible Pet Dog Bowl,Fatz,96.11
Party Mini Dress,Chatterpoint,66.74
Flavored Instant Oatmeal,Gigaclub,26.75
Spaghetti Sauce,Skyvu,83.85
Cheddar Cheese Crackers,Abatz,87.02
Chili Beans in Sauce,Teklist,65.65
Chocolate Hazelnut Granola,Fivebridge,98.97
Organic Tomato Soup,Avavee,60.88
Lasagna Noodles,Thoughtstorm,64.59
Customizable Name Plate,Tagchat,78.43
Memory Foam Mattress Topper,Dynazzy,77.13
Spicy BBQ Sauce,Tagfeed,43.56
Apple Cinnamon Instant Oatmeal,Kwimbee,97.97
Garden Vegetable Chips,Livetube,50.33
Adjustable Yoga Mat Strap,Buzzbean,43.67
Maple Cinnamon Granola,Youspan,86.81
Eco-Friendly Cleaning Cloths,Skajo,59.64
Spicy Thai Noodles,Yodoo,37.8
Spicy Beef Taco Mix,Feedmix,13.8
Leather Notebook Cover,Yadel,39.9
Fitness Jump Box,Skipstorm,56.64
Folding Exercise Bike,Skimia,36.87
Potting Soil,Babbleblab,74.68
Vegetable Lasagna,Eayo,88.04
Sweet Potato Noodles,Mybuzz,52.1
Watercolor Paint Set,Avamm,82.96
Dog Training Whistle,Rooxo,48.62
Compact Dishwasher,Fadeo,87.8
Wall Decals for Kids,Skippad,55.47
Reflective Safety Vest,Yamia,81.72
Honey BBQ Ribs,Photolist,49.96
Puffed Rice Cake,Quire,27.39
Portable Hammock,Fivespan,39.55
Ginger Tea,Roombo,38.46
Kettle BBQ Grill,Yambee,56.72
Chopping Board,Ozu,66.49
Potato Wedge Seasoning,Rhynyx,70.18
French Bread,Leenti,17.02
Pressure Washer Accessories Kit,Voonder,12.72
Pineapple Salsa,Tanoodle,3.53
Pumpkin Spice Latte Mix,Oyope,30.6
Drone,Yoveo,57.37
Electric Heat Press Machine,Katz,58.18
Kid's Fruit Snacks,Flashspan,62.48
Hair Dryer,Twinder,6.48
Kale and Quinoa Salad,Ntags,55.34
Buffalo Cauliflower Bites,Edgeclub,46.27
Folding Exercise Bike,Nlounge,51.11
Banana Nut Muffins,Wikivu,95.71
Chic Jumpsuit,Photobug,63.28
Bluetooth Sleep Headphones,Yabox,41.76
Cinnamon Raisin Bagels,Tagchat,63.59
Honey Mustard Sauce,Mycat,80.34
Pet Hair Removal Brush,Dabtype,31.66
Pineapple Coconut Bars,Npath,61.27
Scent Diffuser Oil,Dazzlesphere,33.44
Homemade Salsa,Livefish,30.17
Reusable Snack Bags,Janyx,76.02
First Aid Kit,Wikizz,97.86
Savory Italian Herbs,Camimbo,28.18
Emergency Preparedness Kit,Dabjam,7.54
Surimi Crab Sticks,Blognation,76.21
Fleece Lined Leggings,Mita,53.92
Vegetable Korma,Ooba,24.4
Tofu,Mudo,23.29
Foot Massager,Zoombox,93.8
Matcha Green Tea Powder,Skinte,37.13
Cheddar Cheese Slices,Quire,5.66
Wild Rice Pilaf,Feedbug,41.88
Sourdough Bread,Trupe,54.97
Car Emergency Kit,Roomm,46.14
Herb Garden Planter Box,Skipstorm,14.45
Motion Sensor Light,Kwimbee,6.37
Portable UV Sterilizer,Livefish,96.33
Frozen Acai Purée,Realmix,73.76
Woven Storage Baskets,Photobug,16.92
Pecan Pie Filling,Ntags,66.88
Mini Air Hockey Table,Oyondu,25.9
Mediterranean Chickpea Salad,Gabtune,42.4
Gingerbread House Kit,Twimbo,7.53
Rice Pilaf Mix,Roodel,65.95
Chocolate Dipped Fruit,Rhynyx,60.4
Cherry Almond Protein Bar,Tazz,34.19
Electric Food Slicer,Agivu,50.47
Organic Coconut Sugar,Rhynoodle,52.88
Beef Jerky,Flashdog,19.97
Lemon Garlic Marinade,Zoomzone,34.12
Coconut Milk Ice Cream,Geba,82.65
Leather Notebook Cover,Blogtags,52.59
Vacuum Sealer Machine,Buzzster,5.48
Sesame Seeds,Skaboo,25.45
Relaxed Fit Henley Shirt,Gigabox,97.37
Wireless Mouse,DabZ,49.07
Garlic Parmesan Roasted Nuts,Ntag,80.49
Honey Roasted Peanuts,Plambee,88.54
Picnic Blanket,Kare,36.95
LED Strip Lights Kit,Eazzy,72.56
Car Phone Mount,Tazzy,8.3
Cinnamon Raisin Bagels,Dynava,5.71
Lemon Pepper Seasoning,Quimba,47.88
Yoga Wheel,Gevee,45.31
Stylish Combat Boots,Eimbee,59.78
Ginger Turmeric Shots,Viva,27.02
Sweet Potato Noodles,Browsecat,57.85
Pleated Midi Dress,Centizu,13.28
Peach Fruit Cups,Dynabox,23.38
Cream Cheese,Roombo,53.22
Air Purifier,Avamm,4.03
Almond Butter Cups,Jazzy,12.36
Mini Air Purifier,Blogtag,90.6
Stainless Steel BBQ Grill Set,Oyondu,63.14
Couscous Mix,Wikivu,81.53
Granola Bars,Tagpad,37.73
Sea Salt Caramel Brownie,Zoombox,82.64
Radish Chips,Linktype,85.01
Wireless Printer,Gigaclub,55.45
Almond Flour Brownies,Photolist,54.4
Dog Training Whistle,Skipstorm,26.35
Customizable Photo Calendar,Ozu,71.21
Vegan Mac & Cheese,Skibox,46.39
Glass Food Containers,Jayo,37.43
Coconut Yogurt,Zooxo,47.76
Organic Sweet Potatoes,Edgewire,66.48
Cinnamon Spiced Almonds,Trunyx,92.88
Chicken Parmesan Dinner Kit,Mymm,20.97
Digital Wireless Meat Thermometer,Oodoo,39.05
Skincare Fridge,Mudo,48.19
Safety Goggles,Oba,19.06
Tandoori Chicken Skewers,Oloo,35.49
Spinach and Ricotta Ravioli,Avavee,13.36
Electric Hot Pot,Brainlounge,59.41
Spicy Vegetable Sushi Rolls,Voonte,45.9
Frozen Mixed Berries,Topiczoom,42.69
Sesame Garlic Noodles,Jetwire,87.42
Oatmeal Raisin Cookies,Twitterbeat,27.44
Gluten-Free Pancake Mix,Voomm,59.81
Adjustable Pet Grooming Table,Rhybox,10.89
Coconut Curry Lentil Soup,Reallinks,96.06
Honey Mustard Chicken Breasts,Ntag,71.33
Solar Power Bank,Realmix,96.76
Pasta Sauce Mix,Browsebug,61.25
Suede Ankle Booties,Teklist,35.99
Foam Muscle Roller,Camimbo,67.14
Cereal Dispenser with Portion Control,Riffwire,83.17
Ground Cinnamon,Demivee,22.35
Multi-Function Smartphone Holder,Centimia,59.15
Wireless Charger Stand,Photobug,96.18
Outdoor Inflatable Pool,Lazzy,21.97
Baby Safety Corner Guards,Flashdog,89.85
Chopping Board,Browseblab,76.44
Grass Fed Beef Patties,Yacero,5.68
Crew Neck Sweater,Thoughtbeat,71.04
Electric Pressure Cooker,Demimbu,21.72
Plant-Based Meal Prep Containers,Dynabox,29.81
Window Bird Feeder,Flashdog,62.66
Electric Pressure Washer,Eadel,93.84
Sporty Leggings,Aibox,16.93
Travel Sewing Kit,Linkbuzz,13.95
Ceramic Cookware Set,Mydo,52.76
Active Racerback Tank,Gabvine,58.88
Customizable Photo Calendar,Mudo,86.76
Organic Tomato Ketchup,Zoomlounge,1.63
Chocolate Chip Cookie Mix,Kwilith,68.64
Wireless Gaming Headset,Kazio,86.54
Crew Neck Sweater,Reallinks,67.33
Organic Whole Grain Oats,Yabox,75.89
Basic V-Neck T-Shirt,Twitterworks,26.65
Pumpkin Waffles,Skiba,15.03
Electric Bike,Flashset,31.46
Outdoor String Lights,Rhyzio,88.94
Oven Mitts with Pocket,Photobug,51.65
Blackberry Jam,Plajo,25.44
Electric Wine Opener,Centizu,38.78
Ethically-Sourced Coffee Beans,Thoughtstorm,18.49
Luxury Bath Salts,Oyoyo,96.72
Coconut Curry Sauce,Yata,5.55
Almond Butter Cookies,Zoovu,58.75
Maple Almond Yogurt,Aibox,14.44
Honey Mustard Dip,Tavu,77.23
Portable Air Pump,Mudo,27.53
Essential White Button-Up,Blogtags,55.21
Telescope,Realbridge,41.36
Spicy Thai Chili Sauce,Janyx,52.76
Cereal Dispenser with Portion Control,Mydeo,53.14
Coconut Flakes,Linkbuzz,32.07
Hibiscus Tea Bags,Aibox,39.01
Sriracha Hot Chili Sauce,Feedspan,95.35
Tattoo Kit,Jaxspan,82.02
Laundry Detergent,Meevee,72.27
Coconut Flakes,Flipbug,67.09
Pine Nuts,Centimia,48.15
Acoustic Guitar,Shufflester,90.84
Body Wash,Meedoo,93.82
Herb Seasoned Couscous,Yozio,85.68
Maple Almond Granola,Zoombeat,13.01
Sketchbook,Innotype,69.4
Organic Fruit Salad,Meeveo,94.26
Organic Coconut Yogurt,Ailane,80.86
Spinach and Cheese Stuffed Shells,Skipfire,45.32
Mint Chocolate Chip Ice Cream,Thoughtbridge,14.95
Survival Gear Kit,Tazzy,89.88
Comfortable Jogger Pants,Centimia,69.97
Avocados,Babbleblab,26.27
Herb Garden Planter Box,Realfire,1.23
High-Speed Blender,Blogtags,31.12
Bike Helmet,Myworks,53.76
Electric Pressure Washer,Kimia,26.55
Puff Pastry,Twinder,99.59
Whole Wheat Bread,Lazzy,93.03
Trail Mix (Deluxe),Skilith,27.77
Smart WiFi Plug,Eadel,88.12
Spaghetti Squash,Dabjam,6.48
Beet Salad,Eabox,10.1
Hot Dog Buns,Vipe,36.68
Pet Hair Removal Roller,Youfeed,14.66
Poppy Seed Dressing,Twiyo,47.84
Bike Helmet,Ooba,33.62
Compressed Towel Tablets,Tavu,31.93
Vegetable Korma,Flashdog,80.53
Pork Tenderloin,Browsezoom,58.54
Sea Salt Caramel Brownie,Demivee,76.91
Paint By Numbers Kit,Aivee,13.27
Chocolate Fudge Brownie Mix,Innojam,44.08
Self-Watering Planters,Meejo,56.46
Frozen Chicken Nuggets,Devbug,4.8
Desk Lamp with USB Port,Vipe,33.12
Chocolate Chip Energy Balls,Feedmix,79.81
Terry Cloth Robe,Jetpulse,28.79
Induction Cooktop,Livefish,23.47
Smartphone Projector,Quire,35.57
Foot Spa Bath Massager,Kamba,91.59
Ice Cream,Yata,16.2
Portable Air Conditioner,Kwideo,30.44
Pet Training Pads,Aivee,13.16
Tailgating Set,Roombo,3.46
Adjustable Skipping Rope,Leexo,55.34
Homemade Salsa,Avaveo,43.54
Electric Kettle with Temperature Control,Twitterworks,63.37
Thyme,Cogibox,28.06
Chickpea Salad,Thoughtmix,41.11
Classic Minestrone Soup,Trudeo,15.83
Bike Repair Tool Kit,Zoonder,96.46
Gluten-Free Pancake Mix,Innojam,19.48
Caramel Sauce,Vitz,15.78
Heavy Duty Gardening Tool Set,Mybuzz,6.04
Car Trash Can,Rhynoodle,58.03
Home Cleaning Robot,Chatterpoint,13.76
Fishing Tackle Box,Shufflebeat,17.78
Organic Green Lentils,Realfire,77.06
Frozen Pizza,Edgewire,56.98
Fleece Hoodie,Photobug,78.71
Wireless Keyboard and Mouse Combo,Voonder,53.0
Blackberry Compote,Tagfeed,46.94
Ceramic Planter Set,Jabberbean,2.9
Samoas Cookie Mix,Myworks,25.74
Pet Travel Carrier,Voonte,18.23
Children's Backpack,Livefish,66.14
Non-Stick Baking Sheets,Lajo,3.52
Granola,Ailane,33.06
Chocolate Hazelnut Granola,Snaptags,36.84
Zucchini Noodles,Livetube,86.67
Almond Flour,Fadeo,21.18
Vegetable Fried Rice Mix,Oba,46.2
Strawberry Rhubarb Jam,Photospace,1.09
Personalized Keychain,Twitternation,46.32
Handmade Leather Wallet,Quimm,53.41
Sourdough Bread,Trilia,97.33
Digital Food Scale,Eare,90.95
Sliced Cucumbers,Myworks,96.32
Adjustable Laptop Desk,Twitternation,99.57
Kids' Craft Supplies Set,Tambee,64.66
Coconut Water,Gigaclub,79.13
Honey Glazed Carrots,Dynabox,89.69
Camera Lens Cleaning Kit,Innojam,19.03
Handcrafted Wooden Coasters,Twinder,65.54
Watercolor Brush Pens,Mynte,19.88
Rustic Wooden Picture Frame,Photofeed,58.83
Buffalo Stilton Cheese,Pixope,65.09
Mechanical Keyboard,Tazz,33.23
Smart Home Hub,Gevee,79.32
Cajun Seasoning,Yoveo,33.63
Honey Mustard Dip,Tagchat,73.16
Coconut Curry Lentils,Abatz,67.81
Tofu,Meevee,10.61
Smartphone Photography Ring Light,Divanoodle,2.89
LED Desk Lamp with USB Charging Port,Zazio,32.58
Kale Salad Kit,Camimbo,44.76
Smartphone Gimbal,Mymm,42.59
Dried Cranberries,Mudo,21.44
Collapsible Colander,Meedoo,34.94
Ice Cream,Voonix,92.75
Taro Chips,Aimbo,1.1
Insulated Wine Tote,DabZ,44.09
Streaming Device,Feedspan,33.0
Chia Seed Pudding Mix,DabZ,44.85
Pumpkin Spice Pancake Mix,Yata,34.7
